<ImportExportXml version="8.2.0001.0176" SolutionPackageVersion="8.2" languagecode="1033" generatedBy="OnPremise" xmlns:xsi="http://www.w3.org/2001/XMLSchema-instance">
  <SolutionManifest>
    <UniqueName>ConfigurationData</UniqueName>
    <LocalizedNames>
      <LocalizedName description="Configuration Data Manager" languagecode="1033" />
    </LocalizedNames>
    <Descriptions>
      <Description description="Configuration Data Manager&#xA;&#xA;1.0.7.0&#xA;   - Rebuilt for 4.5.2 .NET FW - required for V9 now&#xA;   - N:N relationships will be cleaned up on import to skip non-existing records&#xA;&#xA;1.0.6.0&#xA;   - Fixed the bug introduced in 1.0.4 - javascript error when creating a new dataset&#xA;&#xA;1.0.5.0&#xA;   - Started to use font awesome&#xA;   - Attempted dates fix for non-US locales&#xA;&#xA;1.0.4.0&#xA;   - Added &quot;lookup field&quot; to the datasets (if empty, will still use entity id)&#xA;   - &quot;Import All&quot; options" languagecode="1033" />
    </Descriptions>
    <Version>1.0.7.0</Version>
    <Managed>0</Managed>
    <ConfigurationPage>ita_/configurationdata/info.html</ConfigurationPage>
    <Publisher>
      <UniqueName>itaintboring</UniqueName>
      <LocalizedNames>
        <LocalizedName description="It Aint Boring" languagecode="1033" />
      </LocalizedNames>
      <Descriptions />
      <EMailAddress xsi:nil="true"></EMailAddress>
      <SupportingWebsiteUrl>http://www.itaintboring.com</SupportingWebsiteUrl>
      <CustomizationPrefix>ita</CustomizationPrefix>
      <CustomizationOptionValuePrefix>45500</CustomizationOptionValuePrefix>
      <Addresses>
        <Address>
          <AddressNumber>1</AddressNumber>
          <AddressTypeCode>1</AddressTypeCode>
          <City xsi:nil="true"></City>
          <County xsi:nil="true"></County>
          <Country xsi:nil="true"></Country>
          <Fax xsi:nil="true"></Fax>
          <FreightTermsCode xsi:nil="true"></FreightTermsCode>
          <ImportSequenceNumber xsi:nil="true"></ImportSequenceNumber>
          <Latitude xsi:nil="true"></Latitude>
          <Line1 xsi:nil="true"></Line1>
          <Line2 xsi:nil="true"></Line2>
          <Line3 xsi:nil="true"></Line3>
          <Longitude xsi:nil="true"></Longitude>
          <Name xsi:nil="true"></Name>
          <PostalCode xsi:nil="true"></PostalCode>
          <PostOfficeBox xsi:nil="true"></PostOfficeBox>
          <PrimaryContactName xsi:nil="true"></PrimaryContactName>
          <ShippingMethodCode>1</ShippingMethodCode>
          <StateOrProvince xsi:nil="true"></StateOrProvince>
          <Telephone1 xsi:nil="true"></Telephone1>
          <Telephone2 xsi:nil="true"></Telephone2>
          <Telephone3 xsi:nil="true"></Telephone3>
          <TimeZoneRuleVersionNumber xsi:nil="true"></TimeZoneRuleVersionNumber>
          <UPSZone xsi:nil="true"></UPSZone>
          <UTCOffset xsi:nil="true"></UTCOffset>
          <UTCConversionTimeZoneCode xsi:nil="true"></UTCConversionTimeZoneCode>
        </Address>
        <Address>
          <AddressNumber>2</AddressNumber>
          <AddressTypeCode>1</AddressTypeCode>
          <City xsi:nil="true"></City>
          <County xsi:nil="true"></County>
          <Country xsi:nil="true"></Country>
          <Fax xsi:nil="true"></Fax>
          <FreightTermsCode xsi:nil="true"></FreightTermsCode>
          <ImportSequenceNumber xsi:nil="true"></ImportSequenceNumber>
          <Latitude xsi:nil="true"></Latitude>
          <Line1 xsi:nil="true"></Line1>
          <Line2 xsi:nil="true"></Line2>
          <Line3 xsi:nil="true"></Line3>
          <Longitude xsi:nil="true"></Longitude>
          <Name xsi:nil="true"></Name>
          <PostalCode xsi:nil="true"></PostalCode>
          <PostOfficeBox xsi:nil="true"></PostOfficeBox>
          <PrimaryContactName xsi:nil="true"></PrimaryContactName>
          <ShippingMethodCode>1</ShippingMethodCode>
          <StateOrProvince xsi:nil="true"></StateOrProvince>
          <Telephone1 xsi:nil="true"></Telephone1>
          <Telephone2 xsi:nil="true"></Telephone2>
          <Telephone3 xsi:nil="true"></Telephone3>
          <TimeZoneRuleVersionNumber xsi:nil="true"></TimeZoneRuleVersionNumber>
          <UPSZone xsi:nil="true"></UPSZone>
          <UTCOffset xsi:nil="true"></UTCOffset>
          <UTCConversionTimeZoneCode xsi:nil="true"></UTCConversionTimeZoneCode>
        </Address>
      </Addresses>
    </Publisher>
    <RootComponents>
      <RootComponent type="29" id="{03a4e83d-1504-46ed-b643-8b95a1a901d4}" behavior="0" />
      <RootComponent type="29" id="{61c6d522-7cfa-4d71-af69-b0651f7a0f3e}" behavior="0" />
      <RootComponent type="29" id="{b1698ac8-08ca-4f79-be67-0e135b1c0426}" behavior="0" />
      <RootComponent type="50" schemaName=":RibbonDiffXml" behavior="0" />
      <RootComponent type="61" schemaName="ita_/configurationdata/content/gridstyles.css" behavior="0" />
      <RootComponent type="61" schemaName="ita_/configurationdata/content/jquery.bootgrid.min.css" behavior="0" />
      <RootComponent type="61" schemaName="ita_/configurationdata/info.html" behavior="0" />
      <RootComponent type="61" schemaName="ita_/configurationdata/scripts/jquery.bootgrid.js" behavior="0" />
      <RootComponent type="61" schemaName="ita_/configurationdata/scripts/ribbon.js" behavior="0" />
      <RootComponent type="61" schemaName="ita_/configurationdata/scripts/webapi.js" behavior="0" />
      <RootComponent type="91" schemaName="ItAintBoring.ConfigurationData, Version=1.0.1.0, Culture=neutral, PublicKeyToken=c55535df5db3d99b" behavior="0" />
      <RootComponent type="92" id="{11f90201-db20-e811-9401-00155d00c101}" behavior="0" />
      <RootComponent type="92" id="{191789a8-9721-e811-9401-00155d00c101}" behavior="0" />
      <RootComponent type="92" id="{206156dc-9b21-e811-9401-00155d00c101}" behavior="0" />
      <RootComponent type="92" id="{505b3308-db20-e811-9401-00155d00c101}" behavior="0" />
      <RootComponent type="92" id="{dcfe57a9-9a21-e811-9401-00155d00c101}" behavior="0" />
    </RootComponents>
    <MissingDependencies />
  </SolutionManifest>
</ImportExportXml>