<ImportExportXml xmlns:xsi="http://www.w3.org/2001/XMLSchema-instance">
  <Entities></Entities>
  <Roles></Roles>
  <Workflows></Workflows>
  <FieldSecurityProfiles></FieldSecurityProfiles>
  <Templates />
  <EntityMaps />
  <EntityRelationships />
  <OrganizationSettings />
  <optionsets />
  <WebResources>
    <WebResource>
      <WebResourceId>{b2f532e3-981e-e811-9401-00155d00c101}</WebResourceId>
      <Name>ita_/configurationdata/resources/1520050263634.xml</Name>
      <DisplayName>1520050263634.xml</DisplayName>
      <Description>{"appliedon":null,"description":"","displayname":"Parent Accounts","fetchxml":"&lt;fetch version=\"1.0\" output-format=\"xml-platform\" mapping=\"logical\" distinct=\"false\"&gt;  &lt;entity name=\"account\"&gt;    &lt;attribute name=\"name\" \/&gt;    &lt;attribute name=\"telephone1\" \/&gt;    &lt;attribute name=\"accountid\" \/&gt;    &lt;attribute name=\"websiteurl\" \/&gt;    &lt;attribute name=\"fax\" \/&gt;    &lt;order attribute=\"name\" descending=\"false\" \/&gt;    &lt;filter type=\"and\"&gt;      &lt;condition attribute=\"accountid\" operator=\"eq\" uiname=\"Demo Parent Account\" uitype=\"account\" value=\"{2CEA452F-991E-E811-9401-00155D00C101}\" \/&gt;    &lt;\/filter&gt;  &lt;\/entity&gt;&lt;\/fetch&gt;","homeorganization":"39907f2a-10f4-e711-93fe-00155d00c101","modifiedon":"3\/3\/2018 4:19:06 AM","order":"1","resourcename":"ita_\/configurationdata\/resources\/1520050263634.xml","type":"ita_configuration_data","webresourceid":"b2f532e3-981e-e811-9401-00155d00c101"}</Description>
      <WebResourceType>4</WebResourceType>
      <IntroducedVersion>1.0</IntroducedVersion>
      <IsEnabledForMobileClient>0</IsEnabledForMobileClient>
      <IsAvailableForMobileOffline>0</IsAvailableForMobileOffline>
      <IsCustomizable>1</IsCustomizable>
      <CanBeDeleted>1</CanBeDeleted>
      <IsHidden>0</IsHidden>
      <FileName>/WebResources/ita_configurationdataresources1520050263634xmlB2F532E3-981E-E811-9401-00155D00C101</FileName>
    </WebResource>
    <WebResource>
      <WebResourceId>{b82302e0-991e-e811-9401-00155d00c101}</WebResourceId>
      <Name>ita_/configurationdata/resources/1520050687725.xml</Name>
      <DisplayName>1520050687725.xml</DisplayName>
      <Description>{"appliedin":null,"appliedon":null,"description":"","displayname":"Child Account","fetchxml":"&lt;fetch version=\"1.0\" output-format=\"xml-platform\" mapping=\"logical\" distinct=\"false\"&gt;  &lt;entity name=\"account\"&gt;    &lt;attribute name=\"name\" \/&gt;    &lt;attribute name=\"telephone1\" \/&gt;    &lt;attribute name=\"accountid\" \/&gt;    &lt;attribute name=\"websiteurl\" \/&gt;    &lt;attribute name=\"fax\" \/&gt;    &lt;attribute name=\"parentaccountid\" \/&gt;    &lt;order attribute=\"name\" descending=\"false\" \/&gt;    &lt;filter type=\"and\"&gt;      &lt;condition attribute=\"accountid\" operator=\"eq\" uiname=\"Demo Child Account\" uitype=\"account\" value=\"{2DDC1E3E-991E-E811-9401-00155D00C101}\" \/&gt;    &lt;\/filter&gt;  &lt;\/entity&gt;&lt;\/fetch&gt;","homeorganization":"39907f2a-10f4-e711-93fe-00155d00c101","modifiedon":"3\/7\/2018 2:56:58 AM","order":"2","resourcename":null,"type":"ita_configuration_data","webresourceid":null}</Description>
      <WebResourceType>4</WebResourceType>
      <IntroducedVersion>1.0</IntroducedVersion>
      <IsEnabledForMobileClient>0</IsEnabledForMobileClient>
      <IsAvailableForMobileOffline>0</IsAvailableForMobileOffline>
      <IsCustomizable>1</IsCustomizable>
      <CanBeDeleted>1</CanBeDeleted>
      <IsHidden>0</IsHidden>
      <FileName>/WebResources/ita_configurationdataresources1520050687725xmlB82302E0-991E-E811-9401-00155D00C101</FileName>
    </WebResource>
    <WebResource>
      <WebResourceId>{e341215b-b321-e811-9401-00155d00c101}</WebResourceId>
      <Name>ita_/configurationdata/resources/1520391484429.html</Name>
      <DisplayName>1520391484429.html</DisplayName>
      <Description>{"appliedin":null,"appliedon":null,"description":"","displayname":"All Accounts","fetchxml":"","homeorganization":"39907f2a-10f4-e711-93fe-00155d00c101","modifiedon":"3\/7\/2018 3:00:03 AM","order":"3","resourcename":"ita_\/configurationdata\/resources\/1520391484429.html","type":"ita_configuration_data","webresourceid":"e341215b-b321-e811-9401-00155d00c101"}</Description>
      <WebResourceType>1</WebResourceType>
      <IntroducedVersion>1.0</IntroducedVersion>
      <IsEnabledForMobileClient>0</IsEnabledForMobileClient>
      <IsAvailableForMobileOffline>0</IsAvailableForMobileOffline>
      <IsCustomizable>1</IsCustomizable>
      <CanBeDeleted>1</CanBeDeleted>
      <IsHidden>0</IsHidden>
      <FileName>/WebResources/ita_configurationdataresources1520391484429htmlE341215B-B321-E811-9401-00155D00C101</FileName>
    </WebResource>
    <WebResource>
      <WebResourceId>{213a0a92-b421-e811-9401-00155d00c101}</WebResourceId>
      <Name>ita_/configurationdata/resources/1520392006056.html</Name>
      <DisplayName>1520392006056.html</DisplayName>
      <Description>{"appliedin":null,"appliedon":null,"description":"","displayname":"All Accounts","fetchxml":"","homeorganization":"39907f2a-10f4-e711-93fe-00155d00c101","modifiedon":"3\/7\/2018 3:07:09 AM","order":"4","resourcename":null,"type":"ita_configuration_data","webresourceid":"213a0a92-b421-e811-9401-00155d00c101"}</Description>
      <WebResourceType>1</WebResourceType>
      <IntroducedVersion>1.0</IntroducedVersion>
      <IsEnabledForMobileClient>0</IsEnabledForMobileClient>
      <IsAvailableForMobileOffline>0</IsAvailableForMobileOffline>
      <IsCustomizable>1</IsCustomizable>
      <CanBeDeleted>1</CanBeDeleted>
      <IsHidden>0</IsHidden>
      <FileName>/WebResources/ita_configurationdataresources1520392006056html213A0A92-B421-E811-9401-00155D00C101</FileName>
    </WebResource>
    <WebResource>
      <WebResourceId>{a481fad9-b521-e811-9401-00155d00c101}</WebResourceId>
      <Name>ita_/configurationdata/resources/1520392556230.html</Name>
      <DisplayName>1520392556230.html</DisplayName>
      <Description>{"appliedin":null,"appliedon":null,"description":"","displayname":"Teams","fetchxml":"","homeorganization":"39907f2a-10f4-e711-93fe-00155d00c101","modifiedon":"3\/7\/2018 3:16:16 AM","order":"5","resourcename":null,"type":"ita_configuration_data","webresourceid":"a481fad9-b521-e811-9401-00155d00c101"}</Description>
      <WebResourceType>1</WebResourceType>
      <IntroducedVersion>1.0</IntroducedVersion>
      <IsEnabledForMobileClient>0</IsEnabledForMobileClient>
      <IsAvailableForMobileOffline>0</IsAvailableForMobileOffline>
      <IsCustomizable>1</IsCustomizable>
      <CanBeDeleted>1</CanBeDeleted>
      <IsHidden>0</IsHidden>
      <FileName>/WebResources/ita_configurationdataresources1520392556230htmlA481FAD9-B521-E811-9401-00155D00C101</FileName>
    </WebResource>
  </WebResources>
  <Languages>
    <Language>1033</Language>
  </Languages>
</ImportExportXml>